# Clean-slate transition baseline (shrink-only; must be empty at release).
# Regenerate with `cargo xtask clean-slate-audit --update-baseline`.
# rule	count	path
legacy	1	crates/ragmonk-backends/Cargo.toml
legacy	1	crates/ragmonk-documents/assets/all-MiniLM-L6-v2/tokenizer.json
legacy	1	crates/ragmonk-documents/assets/all-MiniLM-L6-v2/vocab.txt
legacy	1	crates/ragmonk-update/src/verify.rs
migration	2	crates/ragmonk-cli/tests/cli.rs
migration	1	crates/ragmonk-documents/assets/all-MiniLM-L6-v2/tokenizer.json
migration	9	crates/ragmonk-documents/assets/all-MiniLM-L6-v2/vocab.txt
migration	1	crates/ragmonk-storage/src/maintenance.rs
migration	1	crates/ragmonk-storage/src/schema.rs
migration	1	crates/ragmonk-storage/tests/knowledge_crud.rs
migration	1	fixtures/attachments/email_with_attachments.eml
migration	1	fixtures/corpus/documents/email_with_attachments.eml
migration	1	fixtures/documents/email_with_attachments.eml
migration	1	fixtures/expected/attachments.json
migration	2	fixtures/expected/email.json
python	2	README.md
python	1	crates/ragmonk-backends/tests/live.rs
python	1	crates/ragmonk-code/queries/csharp.scm
python	1	crates/ragmonk-code/queries/go.scm
python	2	crates/ragmonk-code/queries/java.scm
python	1	crates/ragmonk-code/queries/javascript.scm
python	1	crates/ragmonk-code/queries/rust.scm
python	1	crates/ragmonk-code/queries/typescript.scm
python	3	crates/ragmonk-code/src/extract.rs
python	8	crates/ragmonk-code/tests/indexing.rs
python	1	crates/ragmonk-convert/src/bin/ragmonk-link-bench.rs
python	1	crates/ragmonk-documents/assets/all-MiniLM-L6-v2/tokenizer.json
python	2	crates/ragmonk-documents/assets/all-MiniLM-L6-v2/vocab.txt
python	1	crates/ragmonk-indexing/src/bin/ragmonk-index-bench.rs
python	2	crates/ragmonk-indexing/src/ignore.rs
python	1	crates/ragmonk-retrieval/src/graph.rs
python	1	crates/ragmonk-storage/tests/knowledge_crud.rs
python	1	docs/adr/0009-code-intelligence.md
python	1	docs/adr/0017-symbol-and-graph-queries.md
python	1	docs/reference.md
python	2	fixtures/expected/ai_cli.json
python	232	fixtures/expected/code.json
python	1567	fixtures/expected/graph.json
python	17	fixtures/expected/mcp.json
python	6	fixtures/expected/ui.json
rewrite	1	crates/ragmonk-documents/assets/all-MiniLM-L6-v2/tokenizer.json
rewrite	1	crates/ragmonk-documents/assets/all-MiniLM-L6-v2/vocab.txt
version-naming	4	.github/workflows/rust-release.yml
version-naming	5	.github/workflows/rust.yml
version-naming	2	crates/ragmonk-ai/src/http.rs
version-naming	1	crates/ragmonk-backends/Cargo.toml
version-naming	1	crates/ragmonk-convert/Cargo.toml
version-naming	2	crates/ragmonk-core/src/models.rs
version-naming	1	crates/ragmonk-indexing/Cargo.toml
version-naming	2	crates/ragmonk-ml/src/hnsw.rs
version-naming	10	crates/ragmonk-ml/src/manifest.rs
version-naming	1	crates/ragmonk-storage/src/search.rs
version-naming	1	docs/adr/0030-release-and-container.md
version-naming	7	fixtures/attachments/email_with_attachments.eml
version-naming	7	fixtures/corpus/documents/email_with_attachments.eml
version-naming	7	fixtures/documents/email_with_attachments.eml
version-naming	44	fixtures/expected/ai.json
version-naming	4	fixtures/expected/core_config.json
version-naming	38	fixtures/expected/explore.json
version-naming	11	fixtures/expected/graph.json
version-naming	4	fixtures/expected/links.json
version-naming	225	fixtures/expected/search.json
version-naming	8	fixtures/expected/semantic.json
version-naming	1	fixtures/linking/docs/billing.md
version-naming	1	fixtures/linking/src/billing/my-helpers.v2.py
version-naming	1	fixtures/search/queries.json
